State,OptimizedWeight
theta,0.01
theta_dot,597.160755830246
x_c,260
x_c_dot,474.341649025257
